1_Lr,1_Wd,1_batchSize,1_decoder,1_featType,1_hiddenDim,1_numLayers,1_numOfEpoch,1_numOfHeads,2_valLossNeg_mean,2_valLossNeg_std,2_valMRRRandom_mean,2_valMRRRandom_std,2_valRocAucRandom_mean,2_valRocAucRandom_std,3_testMRR2hop_mean,3_testMRR2hop_std,3_testMRRRandom_mean,3_testMRRRandom_std,3_testRocAuc2hop_mean,3_testRocAuc2hop_std,3_testRocAucRandom_mean,3_testRocAucRandom_std
0.0005,0.0002,8192,dot,2,64,3,40,2,-0.4055631707111994,0.004531269272168487,0.9669152576489533,0.001602254428341332,0.893083565852189,0.0026204851591229428,0.8499854618149891,0.008017659451541537,0.9834085678881218,0.0027305717826163756,0.6196446969870931,0.002139301559880402,0.8980102335803071,0.0017122612467874165
0.0005,0.0002,8192,dot,2,64,3,40,2,-0.5302531123161316,0.05083829164505005,0.9540730263502539,0.0036604850961286517,0.8768951845638151,0.003109909401971589,0.8083700685931169,0.008718858294004317,0.9702096451963684,0.002431530232911039,0.5896902802071124,0.0031475952040929678,0.8799204007806977,0.0018670310008979119
0.0005,0.0002,8192,dot,2,64,3,40,2,-0.5500884354114532,0.04118141531944275,0.9584724714571792,0.004307430235884535,0.8816971924740462,0.001254564840056982,0.7838330733112995,0.009008231545406198,0.9666474892311323,0.004595208591491151,0.5870200013178102,0.0031776129175937196,0.8736632921276606,0.006014617720160431
